{"_version":"1.5.0","_beatsPerMinute":114,"_beatsPerBar":16,"_noteJumpSpeed":10,"_shuffle":0,"_shufflePeriod":0.5,"_events":[{"_time":-0.29449999332427979,"_type":9,"_value":0},{"_time":3.7055001258850098,"_type":9,"_value":0},{"_time":4.7055001258850098,"_type":8,"_value":0},{"_time":18.705499649047852,"_type":9,"_value":0}],"_notes":[],"_obstacles":[]}